Wealth Management - Advice (Australia),10
Just Saying...with Tim Farrelly,8
Robo Advice Australia,7
Harvard Business Review Discussion Group,6
TED: Ideas Worth Spreading - Unofficial,6
The Family Office Club - #1 Largest Family Office Association | Ultra-Wealthy Wealth Management,6
Financial Planners Australia,4
The Stella Network - empowered by BT Financial Group,4
NMPEducation,4
Financial Services Branding With Integrity,3
Global Wealth Management,3
SMSF Insights,3
Australian Risk Advisers,3
Northern Wealth Advisory Group - Hillross,3
The Super Group - A network for Superannuation Professionals,3
Firstlinks,3
Banking Careers,3
Best Practice Forum,2
"Social Business For Professionals, Entrepreneurs & Business Owners",2
Macquarie University Alumni,2
OnMarket,2
Pensions & Investments,2
Friends of Harvard Business School (HBS) Executive Education,2
Australian Financial Planning,2
The BC Network,2
We Support Insurers Who Support IFAs,2
Longview Economics,2
Risk Advice Summit | September 24,2
IBM Big Data and Analytics,2
IdeaSpies,2
Financial Planning Association of Australia - Members Forum,2
ESG Investing,2
Structured Products and Investments 9000+ (structuredproducts.com),2
"Researcher Forum | December 4, 2018",2
BlackRock Employees and Alumni,2
SelfWealth - Trading knowledge not just shares,1
Private Banking & Wealth Advice,1
Financial Analysts and Portfolio Managers / Stock and Cryptocurrency Markets,1
Financial Advisor Magazine,1
Bulldogs supporters in Financial Services,1
Financial Planning Client Engagement,1
Executive Performance,1
Paraplanning Network Australia,1
Cloud Business Solutions,1
MIML in the 1990s,1
JDRF: The Official Group,1
FINSIA People,1
NSW Financial Planning Network,1
Deutsche Bank Network,1
Bankers & Finance Professionals of South Africa,1
Professional & Executive Women Alliance,1
Cash Equity Sales and Sales Traders,1
BRANDED : Promotional Sports Equipment,1
International Financing Review (IFR),1
The Churchill Club,1
BOSS Emerging Leaders,1
Estate and Business Succession Planning,1
Salomon Brothers Alumni Group,1
Emerging Professionals Network,1
OHA - NSW,1
Disruptor League,1
Business Intelligence,1
Startups 2021 ▶ Entrepreneurs • Founders • Mentors • Accelerators • Seed Funding • Venture Capital,1
Chief Information Officer (CIO) Network | Technology I Jobs,1
Australian IT & Digital Group,1
"Cloud Computing, Cybersecurity, SaaS, Data Centre & Virtualization",1
Microsoft Business Intelligence,1
B2B Social Media Lead Generation,1
Artificial Intelligence and Business Analytics (AIBA) Group,1
Business Evolution | Profitably Building Diversity and Community (post Covid-19),1
Scrum Practitioners,1
Private Equity and Venture Capital in Australia,1
Australian StartUp Hub,1
Finance Club,1
Private Equity Networking,1
CAIA Association: Chartered Alternative Investment Analysts and Candidates,1
CFA Society of Sydney - candidates,1
Carey Baptist Grammar School Alumni,1
Squared Network,1
Bondi Penguins,1
"Investment Magazine Fixed Income and Credit Forum | August 27-28, 2019",1
Equity Capital Markets (ECM),1
Investment Management Careers,1
Chinese Investment Professionals abroad,1
Eco-Business,1
Finance and markets discussion forum,1
"Marketing, Sales, Social Media, and Technology Innovation Network by SOLUTIONators.org",1
University of Western Sydney (Business Alumni),1
Brand & Communications Management,1
The Australian Property Institute,1
Australian Property Professionals,1
Western Sydney U Alumni Discussion Group,1
Alpha Kappa Psi - Zeta Lambda Alumni,1
VAFA,1
Brighton Grammar School Community,1
Harvard Business School Alumni (Official),1
HBS AMP 186,1
The FE Analytics Training Academy,1
Innovate Queensland Forum,1
Having Digital Conversations,1
Brisbane Office Market & Fitout Group,1
Brisbane Advertising Association (BAA),1
Networking Groups Brisbane QLD,1
Networx Brisbane Group,1
Corporate Media Services,1
Promotional Products In Australia,1
Interior Decorating Brisbane,1
Financy - Supporting women's financial progress,1
Anne's Group,1
Business Women Australia,1
SMSF Strategies Adviser Group,1
Financial Adviser Marketing Expertise,1
Australian Marketing and Digital Innovation Forum,1
Unified Managed Accounts & Managed Account Solutions,1
Asia Banking and Finance,1
Sports Sponsorship,1
Hedge Funds Rock & The Australian Alternative Investment Awards Inc.,1
JP Morgan Asset Management Network,1
Lloyd’s List,1
Consultant Relations Investment Professionals,1
Think Global,1
Next Director®,1
"Australian Financial Services, Sales Professionals",1
Portfolio Management Research Group,1
Glass Elevator,1
PwC Careers Australia,1
Advanced Issues in Marketing & Media,1
QuantMinds: Quant Finance,1
Maturity Institute,1
CFA Institute Members,1
eMedia Australasia,1
Online Retailer Australasia,1
Professional Services Business Development,1
Leadership Institute Australia,1
MWB Accountants,1
FINSIA Network,1
BGL - The Future of Compliance,1
Xero Discussions,1
International Wealth Management Group,1
Client Service and Relationship Management Professionals in Financial Services,1
Cisco Live!,1
Advanced Persistent Threats (APT) & Cyber Security,1
"Absolute Return, an HFM Global publication",1
FundForum: Investment Management,1
CQF Institute,1
Association of Real Return Investment Advisers,1
Austrian School of Economics,1
The Global MegaTrends Roundtable,1
Institutional Investors Alpha,1
St Kentigern Old Collegians,1
University of Auckland Business School Alumni and Friends,1
CFA Program Candidates,1
Lean Six Sigma,1
GDPR: Empowering Tomorrow’s Business,1
Project Management Group SP,1
Project & Programme Management Jobs,1
Project Manager Alliance!,1
PRINCE2 & MSP - Project & Programme Management + Agile Scrum,1
The Project Manager Network - #1 Group for Project Managers,1
IMMIGRATION TO AUSTRALIA - NEW ZEALAND - CANADA,1
Training Focus,1
Bank of America Merrill Lynch and Pontoon Solutions: Contract Positions UK and Ireland,1
WiBF Mentoring Melbourne 2019,1
Female Advisers Global,1
Insurtech Australia Community,1
B2B Lead Systems,1
Nathanial Bibby Community Group,1
INSURANCE BROKERS GLOBAL,1
Retirement Research Forum,1
Retirement Income Industry Group,1
Aalto Entrepreneurship Society,1
Advanced Analytics,1
Job Search • Internships • Employment Opportunities • Resume Tips • Career Advise | LaowaiCareer.com,1
Slush & Friends,1
Digital Marketing,1
Finland Young Professionals,1
Finnish Hi-tech Start-up Community,1
Critical thinking across the disciplines,1
Saint Louis University: Madrid Campus Alumni,1
Kellogg School of Management,1
The Accidental Product Manager,1
Technical Analysts/Traders,1
Trevor Neil's Seminar Attendees Group,1
TPG-Confluence One-Multivendor Solution Users Group,1
"Technical Analysis of Stocks, Commodities & Forex",1
Club ex-Reuters,1
Market Data and Trading Infrastructure Professionals,1
CommsDirect,1
Business and Finance Books,1
Professional Services Referral Network,1
Bancassurance,1
Insurance VIP,1
Global Private Banking and Wealth Management,1
AML/CTF Australasia,1
ESG Diligence,1
The Buttery,1
Platforum Conference 8,1
Xero Add-Ons,1
Future Trends,1
"Digital Media, Services & Physical Goods - eCommerce Strategy",1
Quant and ESG Investment People in Asia and Australia,1
InnerCircles,1
SXSW Interactive,1
Australian Visas & Immigration,1
ETF Managed Portfolio Professionals,1
Official AirWatch Group,1
The Digital Insurer,1
Reputation Management in eCommerce,1
Scorpio Partnership Wealth Management Insight,1
Social Media & SEO - Digital Marketing Community,1
"B2B Sales, Marketing, Social Media & Lead Generation",1
B2B Technology Marketing Community,1
"Creativity in Graphic Design, Logo Design, Web, UI/UX Design, Advertising & Art Direction",1
Which-50 digital intelligence,1
QUT ACPNS Alumni Chapter,1
Stonehouse Asset Management,1
Selling or Buying a Financial Planning Practice Australia,1
The Economist Newspaper readers,1
LinkedIn Social Selling,1
QUT MBA Student Society,1
QUT Business School Alumni,1
Queensland University of Technology ALUMNI,1
Chartered Accountants Ireland Australian Society Melbourne,1
Lean In SF,1
Young Professionals,1
Ireland Accounting & Finance Jobs,1
Insolvency & Corporate Recovery Group,1
Prince Alfred Old Collegians’ Assoc,1
SM XLIV,1
MQG to MVP - From Macquarie to Entrepreneurship,1
Asia Family Office,1
Endowment Fund Association (EFA) | Endowments.com,1
Emerging Markets Asset Management,1
Emerging Markets Private Banking,1
Latin American Mining,1
Latin America Venture Capital and Private Equity Network (SM),1
International investment in Japan / Inversiones internacionales en Japón,1
Business in Japan,1
Oceania esports & gaming business,1
Esports Career - Jobs in the Esports Industry,1
Esports Think Tank,1
Esports Business Group,1
Triathlete,1
Social Media Marketing for Financial Services Ecosystem,1
Engagement Forum,1
Australian Assyrian Business Council,1
Morningstar Office,1
SYDNEY LIONS SPORTS CLUB,1
Chief Marketing Officer (CMO) Council,1
Talented Women,1
Big Path Capital founders of the Impact Investing Forum,1
Big Path Capital founders of the Impact Investing Group,1
The Responsible Business Group,1
Carbon Finance Network,1
UNSW,1
ESG Research,1
Responsible Investor,1
UNSW Alumni,1
Build to Rent Network,1
Young Energy Professionals Sydney,1
"Risk Premia, Smart Beta, Quant Strategies & Prop Indices",1
Structured Products in the Pub Club,1
Social Media Marketing Group by Connect365.io,1
"IoT, Internet of Things, M2M, Smart Cities, Connected Home, Edge Computing, IIOT and Big Data",1
"Payments; Fintech, Blockchain, Cryptocurrency, MPOS, Mobile Banking",1
ASX Equity Derivatives,1
Equity Options Sales & Trading Group,1
The Modern Adviser,1
Art Gallery Society of NSW - Corporate Members,1
CEO Incubator,1
"Membership - for associations, charities and other not-for-profit organisations",1
SMSF Auditors,1
All Hallows' School Past Pupils,1
Women on Boards - Queensland,1
St Joseph's Catholic Primary Bardon - Past & Present Families & Students & Friends,1
Dealer Groups - A business perspective,1
"AFA Inspire, Connecting Women in Advice",1
The Bottom Line Leadership Initiative,1
F P Connect Group,1
Fi360,1
Certified Financial Planner (CFP),1
California Society of Enrolled Agents (CSEA),1
Behavioural Finance & Financial Planning (BFFP),1
Harvard Business Review - Reader's Forum,1
FPA of San Diego,1
Independent Broker/Dealer Networking Group,1
Certified Financial Planner ® Certificants of North America,1
The Vanguard Networking Group,1
Consumer Insights Interest Group,1
Young Super Network - Superannuation,1
Mercer Alumni Group,1
Institute of Analytics Professionals of Australia,1
Database Marketing,1
Australian Data Analytics Experts,1
Chief Executive Officer (TGL),1
"ETFs Network (Exchange Traded Funds, ETF, ETFs, and Exchange Traded Products, ETNs, ETCs, ETPs )",1
Macquarie University Applied Finance Centre (MAFC) Networking Group,1
Delta One,1
Credit Risk Group,1
netwealth Investments Interest Group,1
St. Kevins College Old Collegians,1
Emerging Leaders in Multinationals (ELM) Australia,1
Trust & Custody Network,1
