Harvard Business Review,21
Macquarie Group,13
ANZ,11
Google,11
Commonwealth Bank,10
Deloitte,10
NAB,9
AMP,9
BlackRock,9
The Wall Street Journal,9
Microsoft,9
Colonial First State,8
EY,8
J.P. Morgan,8
Vanguard Australia,7
McKinsey & Company,7
Lonsec,6
UNSW,6
Fidelity International,6
BBC News,5
CommSec,5
Amazon,5
LinkedIn,5
Mercer,5
IBM,5
JPMorgan Chase & Co.,5
Bloomberg LP,4
ASIC,4
Zenith Investment Partners,4
Credit Suisse,4
Westpac,4
Morningstar,4
HSBC,4
Praemium,4
Deakin University,4
Salesforce,4
Zurich Insurance Company Ltd,4
Macquarie University,3
Rainmaker Information,3
PIMCO,3
AMP Capital,3
Deutsche Bank,3
Lazard Asset Management,3
Monash University,3
State Street,3
Boston Consulting Group (BCG),3
Coca-Cola Europacific Partners,3
UBS,3
PwC,3
Morgan Stanley Wealth Management,3
Accenture,3
Goldman Sachs,3
Vanguard,3
Aberdeen Standard Investments,2
Allianz,2
Bloomberg News,2
Bain & Company,2
BT,2
Netwealth - See Wealth Differently (ASX:NWL),2
BNP Paribas,2
Mason Stevens,2
Fidelity Investments,2
Thomson Reuters,2
Implemented Portfolios Limited,2
Elixir Consulting | Business Coaches,2
Nike,2
Qantas,2
Forbes,2
The Economist,2
Cisco,2
Financial Planning Association of Australia,2
RBS,2
MetLife,2
Financial Times,2
RMIT University,2
IOOF Holdings Ltd,2
DWS Group,2
The Walt Disney Company,2
Australian Institute of Company Directors,2
the LEGO Group,1
City of London Corporation,1
Australian British Chamber of Commerce,1
Responsible Investment Association Australasia,1
Autism Spectrum Australia (Aspect),1
Financial Services Council,1
Fund Executives Association Limited,1
Allianz Life,1
JDRF International,1
Willis Towers Watson,1
Stellenbosch University,1
The New York Times,1
Harvard Business School,1
Milliman,1
MacKay Shields LLC,1
QUT (Queensland University of Technology),1
University of London,1
Brisbane Girls Grammar School,1
VISIS Private Wealth,1
Foresight Analytics,1
Ausbil Investment Management Limited,1
Sue Roberts,1
Blenheim Partners,1
Barclays Investment Bank,1
Prudential UK,1
Kelly,1
CNN Business,1
NASA - National Aeronautics and Space Administration,1
TA Associates,1
BetaShares,1
Financial Industry Community Aid Program (FICAP),1
HUB24 Limited,1
Hostplus,1
Barrow Hanley Global Investors,1
University of Melbourne,1
BNP Paribas Asset Management,1
Pfizer,1
McDonald's,1
Edelman,1
AllianceBernstein,1
Unilever,1
Nestlé,1
Count Financial,1
The Australian National University,1
Abundant Water,1
The Evidence-Based Investor,1
Blackstone,1
Arrium,1
NMG Consulting,1
BMW Group,1
adidas,1
Vodafone,1
Leo Burnett,1
Insights by Kantar,1
Lazard,1
Green Investment Group,1
Giraffe Technology,1
University of Nottingham,1
de JAGER Executive Search,1
Marketsoft Services,1
Clime Investment Management Limited,1
Coin Software,1
webqem,1
Centrepoint Alliance,1
Evalesco Financial Services,1
Magellan Financial Group,1
Aon,1
TEKsystems,1
Allegis Group,1
US Army,1
Symantec,1
The University of Auckland,1
CFA Institute,1
Business Insider,1
SMSF Association,1
Fosun 复星,1
UBS Investment Bank,1
RBC,1
Standard Chartered Bank,1
Banco Santander,1
IAG,1
Swiss Re,1
MIT Sloan School of Management,1
Massachusetts Institute of Technology,1
Cognizant,1
Marsh,1
Ericsson,1
Nokia for service providers,1
Nokia,1
Charles Schwab,1
eBay,1
Sustainalytics,1
Sharesight,1
Hg,1
Farnell Clarke Limited,1
Financial Simplicity,1
PKF Littlejohn,1
Bill & Melinda Gates Foundation,1
Curtin University,1
OneVue Group is now part of Iress,1
Nanuk Asset Management Pty Ltd,1
Acin,1
FS Sustainability,1
Industry Moves,1
William Buck,1
Bridges Financial Services,1
Oracle,1
Kearney,1
Pitango,1
Pacific Equity Partners,1
USAA,1
Schroders,1
Franklin Templeton,1
Sony,1
BBC,1
BBC Studios,1
United Nations,1
Capital Group,1
Invesco US,1
Legg Mason (Acquired by Franklin Templeton),1
Queensland Health,1
Queensland Police Service,1
University of Southern Queensland,1
Mater,1
Sunsuper,1
Ord Minnett,1
Capital Economics,1
Reserve Bank of Australia,1
University of Technology Sydney,1
Carbon5,1
Morgan Stanley,1
The Table Club,1
Shartru Wealth,1
Clique Paraplanning,1
Robeco,1
World Economic Forum,1
PSK Financial Services,1
Ticketmaster,1
International SOS,1
Macquarie Graduate School of Management,1
Mercer - Investments,1
TelstraSuper,1
ASX,1
S&P Global Ratings,1
Villanova University,1
Amazon Web Services (AWS),1
GE Healthcare,1
TAS,1
VGI Partners,1
Adviser Ratings,1
Allianz Retire+,1
Bank of America,1
Realm Investment House,1
Five V Capital,1
La Trobe University,1
Financial Planning Association (FPA),1
Wells Capital Management,1
