Wealth Management - Advice (Australia),6
The Family Office Club - #1 Largest Family Office Association | Ultra-Wealthy Wealth Management,4
Firstlinks,4
"AFA Inspire, Connecting Women in Advice",3
Robo Advice Australia,3
Financial Planners Australia,3
Certified Financial Planner (CFP),3
The BC Network,3
TED: Ideas Worth Spreading - Unofficial,3
Ex-Nabbers Network (ENN),2
B2B Social Media Lead Generation,2
Australian Property Funds Forum,2
ASX Equity Derivatives,2
InnerCircles,2
SUPER Recruiters,2
Professional Planner Licensee Summit,2
Investors North Queensland,2
Transition Planning Australia,2
"Researcher Forum | December 4, 2018",2
Global Wealth Management,2
Selling or Buying a Financial Planning Practice Australia,2
Financial Services Branding With Integrity,2
Private Wealth Management,2
Brisbane Financial Advisors Group,2
ADMA,2
"Social Business For Professionals, Entrepreneurs & Business Owners",2
The Super Group - A network for Superannuation Professionals,2
Harvard Business Review Discussion Group,2
Banking Careers,1
Chief Marketing Officer (CMO) Network - #1 Executive Group for CMOs,1
Marketing... in Asset Management,1
IdeaSpies,1
ASX Network,1
LHH Alumni Leaders Network - Australia & New Zealand,1
Singapore FinTech Festival,1
Refinitiv Global Wealth Management,1
PreSales Professionals,1
Financial Markets Industry Insights with Hays,1
Bondcube,1
Women Strong,1
BlackRock Employees and Alumni,1
Brighton Grammar School Community,1
RMIT Alumni,1
BlackRock Alumni,1
Young Super Network - Superannuation,1
University of Western Sydney (Business Alumni),1
Brand & Communications Management,1
The Australian Property Institute,1
Australian Property Professionals,1
Western Sydney U Alumni Discussion Group,1
Macquarie Group Alumni,1
ScaleFest,1
Best Practice Forum,1
Going Concern,1
Financial Advice Growth Leaders Network,1
CEOs and Executives of Large Enterprises,1
Chief Customer Officer - CCO Insights,1
CMO/CXO Connections Group,1
CXO Board Australia & New Zealand,1
Australian Innovation Group,1
The University of Sydney Business School,1
AGSM SSCV,1
Navigating your changing business landscape,1
Jobs for Accountants,1
Friends of Harvard Business School (HBS) Executive Education,1
Board of Directors (TGL),1
The Modern Adviser,1
NMPEducation,1
Business Succession Planning Group,1
Wealth Protection and Management Boardroom,1
Business and Finance Books,1
Hedge Funds Review Group,1
UOW Alumni,1
Private Equity Investment Group | Powered by www.InvestorClub.com,1
Financial Advisor Magazine,1
"Alternative Investments: Private Equity, Hard Assets, Hedge Funds, Commodities, Timber, Real Estate",1
SalesSense Business Development Forum,1
Australia Hedge Funds Club,1
"Private Equity, M&A, and Venture Capital Investments",1
ANG - Australian Networking Group,1
Business Valuation & Advisory Network,1
Finance and Investment Management,1
Dealer Groups - A business perspective,1
Value of Advice,1
The Digital Insurer,1
"Australian Technology, IT & ICT Community",1
adtech Australia & New Zealand,1
Marketing Ideas Exchange,1
Social Media Marketing Group by Connect365.io,1
Next Gen Market Research (NGMR) - The Best MR Networking Group on the Web!,1
Marketing I Social Media I Business I Digital I Crypto I Staffing,1
Insurtech Australia Community,1
CFO Fintech Sydney,1
PwC Australia Alumni,1
ICAEW members in Australia,1
Chief Financial Officer (CFO) Network | #1 Exec Finance Group,1
"Retirement Conference | March 31, 2020",1
YU Sy Syms School of Business,1
Alternative Investment Operational Due Diligence Group,1
Hedge Fund Professionals Worldwide Network,1
WOW Women Collective,1
FPA Australia CPD Accredited Assessor Forum,1
Training Managers Group,1
Kaplan Business School Alumni Community,1
Sydney Swans Network,1
Higher Education Marketing & Communications,1
Tennis & maybe some baseline networking,1
LCGS Class of 1971,1
Big Path Capital founders of the Impact Investing Forum,1
The Australian Hedge Fund Forum,1
EY Oceania Alumni (Official),1
Networking In Adelaide,1
Executive Banking & Finance Professionals - Australia & New Zealand,1
Private Banking & Wealth Advice,1
TOP LEADERS/ EXECUTIVES - CXO/ CEO/ CIO/ COO/ CFO/ President/ VP/ AVP/ Director/ Head/ Managers,1
"CXO (CEO, COO, CKO, CFO, CIO, CPO, CMO, CAO, CVO, CDO, CRO, CLO, CSO & CTO) Community",1
Pulteney Grammar School Old Scholars,1
Botany,1
Group Insurance Summit,1
FIFI Females Inspiring Females Inc,1
Actuarial Community,1
Small Business Advisers Network ( Australia ),1
Money Management Australia,1
Australia Business and Professional Network,1
Retirement Research Forum,1
The Sydney Business Networking Group (SBNG),1
Sydney (Australia) Business and Professional Network,1
Super Review,1
MIML in the 1990s,1
insurance PULSE,1
Just Saying...with Tim Farrelly,1
Sales Leaders Australia,1
Business Advisory Tools for Accountants,1
Innovative Schools Australia,1
"Universities, Schools & Languages Network",1
Sailing & Cruising,1
Women in Technology WIT,1
IDM | Institute of Data & Marketing | Official Group,1
World Sailing Professional community Group,1
Sailing Networking Club,1
Manly Warringah Sea Eagles Supporters,1
Transformational Leadership: Front Runners in Organizations,1
Real Financial Advice Forum,1
WWD (Women's Wear Daily),1
The Disruptors' Club ⚡️,1
Angular 2+,1
Angular TypeScript,1
Stock and Options Trading Group,1
Options Traders Trading Post,1
On Startups - The Community For Entrepreneurs,1
AlphaMind,1
Russian Speaking Professionals Australia,1
"Invest in Australia - For Investors, Entrepreneurs & Professionals",1
Prince Alfred Old Collegians’ Assoc,1
CFA Society of Melbourne - candidates,1
The Business of Fashion,1
PropellHer -Propelling women to build a successful career that they love,1
Equity Options Sales & Trading Group,1
QuantMinds: Quant Finance,1
SOUTH AFRICAN BUSINESS NETWORK,1
Financial Markets Traders & Professionals,1
Deakin Commerce Society,1
Kaplan Professional Alumni,1
FINSIA Network,1
ABCN Accelerate Mentors,1
Blackrock College Union - Australia & New Zealand Branch,1
Life Insurance Agents,1
Global Insurance Network,1
Global Insurance Professionals,1
"Health, Life Insurance & Financial Service Networking Coast to Coast",1
Cost effective recruitment solutions Australia,1
"Sales & Marketing Tips & Strategies for Event Planners, Meeting Planners & Event Managers",1
C&IT,1
AIME Melbourne,1
Strategic Meetings Management (SMM),1
"Events, Exhibitions, Conferences and Tour Organisers",1
IFEA Australia & New Zealand,1
Australian Event Awards and Symposium,1
Australian Business Events Expo,1
Event Professionals Australia,1
who's who in events,1
Digital in Financial Services,1
Bank Automation News,1
Otago University Alumni,1
New Zealand Business and Professional Network,1
Global Private Banking and Wealth Management,1
University Grange Cricket Club,1
