Harvard Business Review,11
Commonwealth Bank,9
Colonial First State,9
NAB,8
J.P. Morgan,7
Google,7
Macquarie Group,7
Fidelity International,6
Vanguard Australia,6
The Wall Street Journal,6
BT,6
McKinsey & Company,6
Australian Institute of Company Directors,6
Macquarie University,6
ASIC,6
Boston Consulting Group (BCG),5
Deloitte,5
Goldman Sachs,4
ANZ,4
CommInsure,4
AMP,4
Sunsuper,4
Westpac,4
Financial Planning Association of Australia,4
MetLife,4
EY,3
Morgan Stanley Wealth Management,3
Financial Times,3
Lonsec,3
Suncorp Group,3
JPMorgan Chase & Co.,3
TED Conferences,3
Schroders,3
The Economist,3
HUB24 Limited,3
intelliflo,3
QUT (Queensland University of Technology),2
InvestSense Pty Ltd,2
CommSec,2
Bloomberg News,2
Financial Planning Association (FPA),2
Challenger Limited,2
UniSuper,2
HSBC,2
Deutsche Bank,2
Credit Suisse,2
CNN Business,2
CoreLogic Australia,2
University of Technology Sydney,2
UBS,2
Microsoft,2
The Walt Disney Company,2
UNSW,2
Aon,2
University of Wollongong,2
American Express,2
Magellan Financial Group,2
Forbes,2
AMP Capital,2
PIMCO,2
L1 Capital,2
Adviser Ratings,2
IOOF Holdings Ltd,2
Monash University,2
Implemented Portfolios Limited,2
Platinum Asset Management,2
Evergreen Consultants,2
Harvard Business School,2
University of Adelaide,2
Statewide Super,2
B & K Consulting (Aust) Pty Limited,2
Australian Broadcasting Corporation (ABC),2
Salesforce,2
Deakin University,2
Perpetual Limited,2
Morningstar,2
World Economic Forum,2
CFA Institute,2
VicSuper,2
BBC News,2
Amazon,1
Mercer,1
Dexus,1
APN Real Estate Securities,1
Atlas Outsourcing Pty Ltd,1
Arco Advisory,1
Fiduciam Compliance,1
Boutique Financial Planning Principals Association Inc,1
State Street,1
Bloomberg LP,1
Bell Potter Securities,1
University of Melbourne,1
Melbourne Business School,1
Centrelink,1
Oracle,1
Bank of America,1
Wipro,1
"CEB, now Gartner",1
BlackRock,1
The London School of Economics and Political Science (LSE),1
Brunel University London,1
The Muse,1
Levo League,1
Quantifeed - The Wealthcare Experts,1
Women. Fast forward,1
FinTech Innovation Lab Asia-Pacific,1
Centrepoint Alliance,1
Summation Financial Servies,1
LinkedIn,1
Property Council of Australia,1
Chartered Accountants Australia and New Zealand,1
Charter Hall,1
Property Funds Association of Australia,1
LinkedIn News Australia,1
TIME,1
IBM,1
Barclays,1
PepsiCo,1
The University of Texas at Austin,1
Macquarie Graduate School of Management,1
Count Financial,1
(CFSGAM) Colonial First State Global Asset Management,1
Viridian Advisory,1
Striver,1
Colonial First State Adviser Hub,1
Fidelity Investments,1
Franklin Templeton,1
Capital Group,1
MFS Investment Management,1
Artisan Partners,1
Odey Asset Management,1
"City, University of London",1
Harvard University,1
Hays Executive,1
Korn Ferry,1
Baker McKenzie,1
Columbia University in the City of New York,1
Columbia Business School,1
Herbert Smith Freehills,1
Evalesco Financial Services,1
Paragem Pty Ltd,1
Ellerston Capital,1
Merrill Lynch,1
UBS Investment Bank,1
HSBC Global Banking and Markets,1
Stanford University Graduate School of Business,1
NMG Consulting,1
Netwealth - See Wealth Differently (ASX:NWL),1
Nestlé,1
Western Sydney University,1
"Domo, Inc.",1
Prosperity Advisers Group,1
Governance Institute of Australia,1
Savvy Business Sales,1
Virgin,1
Charles Sturt University,1
TechCrunch,1
Adweek,1
FST Media,1
Yanko Design,1
IAG,1
AMP Bank Limited,1
University of East Anglia,1
Profusion,1
"Loomis, Sayles & Company",1
The Dubs,1
VanEck,1
Maple-Brown Abbott,1
Sophie Grace Pty Ltd,1
Heard Financial,1
OpenInvest,1
The Executive Centre,1
Eureka Report,1
Yeshiva University,1
BetaShares,1
Intelligent Investor,1
Midwinter Financial Services,1
CII (Centre for Institutional Investors),1
SuperGuardian Pty Ltd,1
United Nations,1
Robeco,1
Swinburne University of Technology,1
FCM Meetings & Events,1
Directioneering,1
Kaplan Professional (Australia),1
Brisbane Boys' College,1
Red Marker,1
Brisbane Boys' College Old Collegians' Association,1
Kaplan Professional,1
Kindness Factory,1
Eleven Leadership,1
University of Sydney,1
Continuum Financial Planners Pty Ltd,1
Lifespan Financial Planning,1
Endorphin Wealth,1
advice intelligence,1
MyNextAdvice,1
Yield Financial Planning,1
Six Park,1
University of Tasmania,1
Apple,1
The Australian National University,1
Spectrum Asset Management Limited,1
8IP,1
Mason Stevens,1
King Irving,1
EML,1
Wilson Asset Management,1
PEXA,1
Prepaid Financial Services Limited (PFS),1
Five V Capital,1
R&D Finance,1
Course & Program Mastery,1
University of South Australia,1
Nikon,1
GE Capital,1
Dimension Data,1
Air Liquide,1
Plum,1
Pamplona Capital,1
Tony Insurance,1
INSEAD,1
Vignana Jyothi Institute of Management (Approved by AICTE & Accredited by NBA and NAAC),1
Super Review,1
Hewlett Packard Enterprise,1
Cisco,1
Gartner,1
Citrix,1
"Ricoh USA, Inc.",1
The Australian Financial Review,1
RNC Global Projects,1
MLC Australia,1
Vogue,1
University of Oxford,1
Colby College,1
UWC Mahindra College,1
Women of Influence,1
The Business of Fashion,1
MAKERS Women,1
WWD,1
ARSUTORIA SCHOOL,1
GBST,1
Ord Minnett,1
Geneva Trading,1
Craigs Investment Partners,1
BBY Ltd,1
E.L. & C. Baillieu Limited,1
Kearney,1
ipac - Company,1
Golden Key International Honour Society,1
Victoria University,1
PwC Australia,1
Women in Super,1
CFA Program,1
PAN-Tribal Asset Management Pty Ltd,1
Barwon Investment Partners,1
Montreaux Limited,1
ATLAS Infrastructure,1
The Estée Lauder Companies Inc.,1
The New York Times,1
Qantas,1
Ralph Lauren,1
News Corp,1
Pengana Capital Group,1
The Australian,1
Dynamic Asset,1
Morgan Stanley Investment Management,1
JLL,1
University of Cambridge,1
LaSalle Investment Management,1
Australian Bureau of Statistics,1
Asteron Life,1
Rubik Group,1
Hostplus,1
AustralianSuper,1
AXA,1
Zurich Insurance Company Ltd,1
Swiss Re,1
CWT,1
"Starwood Hotels & Resorts Worldwide, Inc.",1
Accor,1
Vanguard,1
London Business School,1
Bravura Solutions,1
Victorian Chamber of Commerce and Industry,1
Tata Consultancy Services,1
Thomson Reuters,1
Massachusetts Institute of Technology,1
